time,chief_r_x,chief_r_y,chief_r_z,chief_v_x,chief_v_y,chief_v_z,deputy_r_x,deputy_r_y,deputy_r_z,deputy_v_x,deputy_v_y,deputy_v_z,deputy_rho_x,deputy_rho_y,deputy_rho_z,deputy_rho_dot_x,deputy_rho_dot_y,deputy_rho_dot_z
0.0,6688.137000000006,0.0,0.0,0.0,7.671999999999998,0.0,6688.187000000006,0.1,0.0,-0.00011471056887740175,7.672057355284437,0.0,0.05,0.1,0.0,0.0,0.0,0.0
10.0,6687.691453909934,77.198109232727,0.0,-0.08855439026345915,7.671488911545466,0.0,6687.740296324762,77.29867969814254,0.0,-0.08866711015476308,7.67154628346146,0.0,0.05,0.1,0.0,2.660404486156738e-06,1.3138837860253865e-06,0.0
20.0,6686.354875001936,154.3859329956051,0.0,-0.17709698200594287,7.669955714276605,0.0,6686.4025796177475,154.4870742764091,0.0,-0.17720764900690156,7.670013050896556,0.0,0.05002660404486157,0.10001313883786025,0.0,5.411660581756542e-06,2.4901269670725486e-06,0.0
30.0,6684.127441354752,231.55318718916715,0.0,-0.2656159782784486,7.667400612468553,0.0,6684.174028587064,231.65489912472492,0.0,-0.2657245307416087,7.667457861128497,0.0,0.05008072065067913,0.10003804010753098,0.0,8.248852489457924e-06,3.524706342383903e-06,0.0
40.0,6681.009449739919,308.68959045452726,0.0,-0.3540995852757099,7.66382394654963,0.0,6681.054940628114,308.7918723661796,0.0,-0.3542059621220774,7.6638810538939035,0.0,0.05016320917557371,0.10007328717095482,0.0,1.1166934241419648e-05,4.413783850811299e-06,0.0
50.0,6677.0013155822335,385.78486554321495,0.0,-0.4425360139075413,7.6592261930559795,0.0,6677.0457317840355,385.8877162273069,0.0,-0.44264015463213124,7.659283105082784,0.0,0.050274878517987905,0.10011742500946293,0.0,1.4160733876809644e-05,5.1537110091921205e-06,0.0
60.0,6672.1035729044,462.82874068646146,0.0,-0.5309134813695545,7.653607964568085,0.0,6672.146936690284,462.9321584078256,0.0,-0.5310153260494309,7.65366462667584,0.0,0.050416485856756,0.10016896211955485,0.0,1.7224957693581193e-05,5.741033271267819e-06,0.0
70.0,6666.316874255879,539.8109509637563,0.0,-0.6192202127130371,7.646970009629146,0.0,6666.359208503405,539.9149334496574,0.0,-0.6193197020179181,7.647026366663565,0.0,0.050588735433691814,0.10022637245226754,0.0,2.035419457776856e-05,6.172494307178098e-06,0.0
80.0,6659.64199062595,616.7212396704913,0.0,-0.7074444424137849,7.639313212645349,0.0,6659.683318813978,616.8257841050395,0.0,-0.7075415176192819,7.639369208947156,0.0,0.0507922773794695,0.10028809739533932,0.0,2.3542920413735756e-05,6.445040203233777e-06,0.0
90.0,6652.079811340982,693.5493596845098,0.0,-0.7955744159396785,7.630638593768033,0.0,6652.120157543744,693.6544627035488,0.0,-0.795669018943231,7.630694173221242,0.0,0.051027706583606856,0.10035254779737166,0.0,2.6785502578972652e-05,6.555823581328025e-06,0.0
100.0,6643.631343945951,770.2850748313795,0.0,-0.8835983913167953,7.6209473087577715,0.0,6643.670732826978,770.3907325178554,0.0,-0.8836904646563568,7.621002414838457,0.0,0.051295561609396585,0.10041810603318493,0.0,3.0076204527171042e-05,6.502207636990559e-06,0.0
110.0,6634.297714070196,846.9181612482063,0.0,-0.9715046406938481,7.610240648830381,0.0,6634.336170876028,847.0243691280205,0.0,-0.9715941275693698,7.610295224655827,0.0,0.0515963236546683,0.10048312810955484,0.0,3.340919046343557e-05,6.281770094723152e-06,0.0
120.0,6624.080165277446,923.4384087458079,0.0,-1.0592814519047427,7.598520040484891,0.0,6624.117715831132,923.545161784158,0.0,-1.0593682962024968,7.598574028863068,0.0,0.05193041555930265,0.10054594581050208,0.0,3.67785301155723e-05,5.892307078878634e-06,0.0
130.0,6612.980058900137,999.8356221690661,0.0,-1.1469171300290448,7.5857870453134835,0.0,6613.016729594492,999.9429147672791,0.0,-1.1470012763488209,7.5858403887927475,0.0,0.052298200860458374,0.10060486888129086,0.0,4.01782036054765e-05,5.331836897960834e-06,0.0
140.0,6600.998873858032,1076.0996227552753,0.0,-1.2343999989501502,7.572043359793431,0.0,6601.0346916486105,1076.2074487481336,0.0,-1.2344813926353497,7.572096000712374,0.0,0.05269998289651314,0.10065818725027047,0.0,4.3602106424688954e-05,4.598603739830171e-06,0.0
150.0,6588.138206461182,1152.220249490307,0.0,-1.3217184029109486,7.557290815061073,0.0,6588.17319885894,1152.3286021438678,0.0,-1.3217969900815982,7.55734269559842,0.0,0.05313600396076003,0.10070417328766877,0.0,4.704405451821227e-05,3.691081274900391e-06,0.0
160.0,6574.399770197234,1228.1873604624104,0.0,-1.4088607080667754,7.541531376667839,0.0,6574.433965260861,1228.2962324723196,0.0,-1.4089364356554641,7.541582438892314,0.0,0.05360644450594215,0.10074108410041778,0.0,5.049778948068236e-05,2.607976164007485e-06,0.0
170.0,6559.785395503143,1303.9908342134672,0.0,-1.4958153040354445,7.524767144318373,0.0,6559.8188218310315,1304.10021770377,0.0,-1.4958881198261962,7.5248173302384656,0.0,0.054111422400748975,0.10076716386205785,0.0,5.395698386896455e-05,1.3482314672228234e-06,0.0
180.0,6544.297029521292,1379.6205710875213,0.0,-1.582570605444154,7.5070003515907775,0.0,6544.329716243102,1379.7304576099614,0.0,-1.582640458114224,7.507049603204289,0.0,0.05465099223943862,0.10078064617673008,0.0,5.741524663519635e-05,-8.897005052907574e-08,0.0
190.0,6527.936735840061,1455.0664945764038,0.0,-1.6691150534730606,7.488233365639024,0.0,6527.968712607865,1455.176875110213,0.0,-1.669181892637644,7.488281624982328,0.0,0.05522514470579058,0.10077975647622478,0.0,6.0866128684219825e-05,-1.704202721601487e-06,0.0
200.0,6510.706694218892,1530.3185526622742,0.0,-1.7554371173953154,7.468468686877569,0.0,6510.737991197872,1530.4294176144526,0.0,-1.755500893655151,7.4685158960745035,0.0,0.05583380599263278,0.10076271444900876,0.0,6.430312855924854e-05,-3.4977948904723154e-06,0.0
210.0,6492.609200297864,1605.366719156898,0.0,-1.841525296113358,7.447708948648204,0.0,6492.639848156518,1605.4780583629715,0.0,-1.8415859611051937,7.4477550499585,0.0,0.056476837278225264,0.10072773650010404,0.0,6.771969825948954e-05,-5.469825946687435e-06,0.0
220.0,6473.646665291835,1680.2009950374834,0.0,-1.9273681196912618,7.425956916869212,0.0,6473.6766951916825,1680.3127977627455,0.0,-1.9274256261411513,7.426001852736392,0.0,0.05715403426082016,0.10067303824063717,0.0,7.11092491932784e-05,-7.620123481692192e-06,0.0
230.0,6453.821615669188,1754.8114097788985,0.0,-2.012954150882928,7.403215489666845,0.0,6453.851059253921,1754.923664720116,0.0,-2.013008452662302,7.40325920276547,0.0,0.05786512675275294,0.10059683700582024,0.0,7.446515827011685e-05,-9.948260575750373e-06,0.0
240.0,6433.136692815211,1829.1880226820917,0.0,-2.098271986655924,7.379487696989196,0.0,6433.165582199294,1829.3007179696833,0.0,-2.0983230388404004,7.37953013027143,0.0,0.05860977833545411,0.10049735440006274,0.0,7.778077413478438e-05,-1.245355322155285e-05,0.0
250.0,6411.59465268018,1903.3209241985383,0.0,-2.1833102597107636,7.354776700202503,0.0,6411.623020436846,1903.4340473992067,0.0,-2.1833580186416204,7.354817796943887,0.0,0.05938758607680195,0.10037281886784721,0.0,8.104942354647082e-05,-1.513505789151478e-05,0.0
260.0,6389.198365412165,1977.2002372505353,0.0,-2.268057639995426,7.329085791669947,0.0,6389.226244560791,1977.3137753703504,0.0,-2.2681020633436737,7.3291254955143,0.0,0.06019808031226666,0.10022146828893207,0.0,8.426441790561127e-05,-1.7991569256149168e-05,0.0
270.0,6365.950814974631,2050.8161185471736,0.0,-2.3525028362149127,7.30241839431299,0.0,6365.978238967474,2050.9300580350987,0.0,-2.3525438830478937,7.302456649316384,0.0,0.06104072449132277,0.10004155259637057,0.0,8.741905993081686e-05,-2.102161806128502e-05,0.0
280.0,6341.855098748865,2124.1587598958035,0.0,-2.436634597335639,7.274778061155329,0.0,6341.882101457123,2124.2730866476513,0.0,-2.436672228186064,7.274814811829057,0.0,0.06191491509063094,0.09983133641575773,0.0,9.050665048798535e-05,-2.4223469172267475e-05,0.0
290.0,6316.9144271213045,2197.21838950883,0.0,-2.5204417140844644,7.24616847484951,0.0,6316.941042820466,2197.333088871635,0.0,-2.520475891021787,7.246203666201945,0.0,0.06281998159551079,0.09958910172403505,0.0,9.352049557333101e-05,-2.75951197936355e-05,0.0
300.0,6291.132123055796,2269.985273305651,0.0,-2.603913020442156,7.216593447186263,0.0,6291.158386410298,2270.1003300824614,0.0,-2.6039437071461977,7.216627024763597,0.0,0.0637551865512441,0.0993131505260987,0.0,9.6453913451704e-05,-3.113429787311703e-05,0.0
310.0,6264.511621650863,2342.449716209577,0.0,-2.6870373951310897,7.186056918586647,0.0,6264.53756769798,2342.565114664635,0.0,-2.6870645569677998,7.186088828512405,0.0,0.06471972568576113,0.09900180754736752,0.0,9.930024195118583e-05,-3.4838460699110867e-05,0.0
320.0,6237.056469682034,2414.6020634395522,0.0,-2.7698037630969923,7.154562957577047,0.0,6237.082133815016,2414.7177873038636,0.0,-2.769827367196221,7.154593146590312,0.0,0.065712728105273,0.09865342294037642,0.0,0.0001020528459145148,-3.870479370113848e-05,0.0
330.0,6208.770325129283,2486.432701796505,0.0,-2.852201096984522,7.1221157602471035,0.0,6208.795743079716,2486.548734273785,0.0,-2.852221112319695,7.122144175739429,0.0,0.06673325656441814,0.09826637500336503,0.0,0.00010470512480746094,-4.273020946304395e-05,0.0
340.0,6179.656956689668,2557.9320609441625,0.0,-2.934218418606496,7.088719649690647,0.0,6179.6821645090195,2558.048384717134,0.0,-2.9342348160760476,7.088746239741566,0.0,0.06778030781249275,0.0978390729087346,0.0,0.00010725052048379672,-4.691134695899718e-05,0.0
350.0,6149.7202432752,2629.0906146841485,0.0,-3.0158448004065654,7.054379075429714,0.0,6149.745277315546,2629.2072119211884,0.0,-3.0158575529169975,7.054403788840804,0.0,0.06885281301733072,0.09736995943914463,0.0,0.0001096825251060127,-5.1244571022610665e-05,0.0
360.0,6118.964173496045,2699.898882225207,0.0,-3.0970693669151466,7.019098612821715,0.0,6118.989070389974,2700.015734587325,0.0,-3.097078449465568,7.019121399149192,0.0,0.06994963826839085,0.09685751372891853,0.0,0.00011199468922041182,-5.5725972059714107e-05,0.0
370.0,6087.392845129098,2770.347429446373,0.0,-3.177881296198411,6.982882962449837,0.0,6087.417641768739,2770.4645180944967,0.0,-3.177886685966395,6.982903772035589,0.0,0.07106958516059496,0.09630025400832139,0.0,0.00011418062998467426,-6.035136601554019e-05,0.0
380.0,6055.0104645720185,2840.4268701539227,0.0,-3.258269821300142,6.945736949496766,0.0,6055.035198087239,2840.544175756495,0.0,-3.258271497728759,6.945755733497851,0.0,0.0722113914604417,0.09569674034816598,0.0,0.00011623403954541552,-6.511629460726017e-05,0.0
390.0,6021.821346282793,2910.1278673319416,0.0,-3.338224231676269,6.907665523101801,0.0,6021.846054018487,2910.24537007279,0.0,-3.338222176562106,6.907682233518307,0.0,0.07337373185589585,0.09504557740209338,0.0,0.00011814869356268148,-7.001602583296511e-05,0.0
400.0,5987.829912204896,2979.4411343863408,0.0,-3.417733874621883,6.868673755701459,0.0,5987.85463169741,2979.558813972824,0.0,-3.4177280722038983,6.868688345402759,0.0,0.07455521879152267,0.09434541714376372,0.0,0.00011991845987770555,-7.504555476831908e-05,0.0
410.0,5953.040691178138,3048.357436382152,0.0,-3.4967881566905463,6.828766842353649,0.0,5953.065460130799,3048.475272053549,0.0,-3.4967785937395663,6.828779265102975,0.0,0.07575440339029973,0.09359496159608054,0.0,0.00012153730731963645,-8.019960466221038e-05,0.0
420.0,5917.458318335265,3116.867591273943,0.0,-3.575376545105709,6.787950100045511,0.0,5917.483174592991,3116.985561810079,0.0,-3.5753632110143783,6.787960310522847,0.0,0.0769697764634961,0.09279296554945843,0.0,0.00012299931464628892,-8.547262834279632e-05,0.0
430.0,5881.087534484394,3184.962471129184,0.0,-3.653488569164039,6.746228966985007,0.0,5881.112516007431,3185.08055485928,0.0,-3.6534714560370536,6.746236920808314,0.0,0.078199769609959,0.09193823926603047,0.0,0.00012429867961330634,-9.08588099453743e-05,0.0
440.0,5843.93318547738,3252.633003344406,0.0,-3.7311138216304855,6.703609001876366,0.0,5843.958330314103,3252.7511781561184,0.0,-3.731092924374883,6.703614655621062,0.0,0.07944275640609207,0.09102965116657673,0.0,0.00012542972816544743,-9.635206697351476e-05,0.0
450.0,5806.000221564173,3319.870171853987,0.0,-3.808241960124883,6.6600958831794665,0.0,5806.025567823,3319.988415202638,0.0,-3.8082172765402147,6.660099194396233,0.0,0.08069705368774654,0.09006613049684158,0.0,0.00012638692374300045,-0.00010194605270485998,0.0
460.0,5767.293696733278,3386.6650183314036,0.0,-3.884862708499915,6.6156954083532735,0.0,5767.319282553661,3386.7833072493745,0.0,-3.8848342393680717,6.615696335584125,0.0,0.08196092292517655,0.08904666996979298,0.0,0.0001271648766956258,-0.0001076341589529244,0.0
470.0,5727.818768038384,3453.008643382794,0.0,-3.960965858210256,6.570413493083413,0.0,5727.844631560914,3453.126954489069,0.0,-3.9609336073847525,6.57041199587608,0.0,0.08323257169213281,0.08797032838026374,0.0,0.00012775835379519502,-0.00011340951919612645,0.0
480.0,5687.580694911271,3518.8922077326642,0.0,-4.036541269672701,6.524256170493995,0.0,5687.606874246876,3519.010517242505,0.0,-4.036505244167197,6.524252209414617,0.0,0.08451015523008476,0.08683623318830247,0.0,0.00012816228783846064,-0.00011926501208513714,0.0
490.0,5646.584838461064,3584.306933401587,0.0,-4.1115788736171135,6.477229590343799,0.0,5646.611371659314,3584.4252171363196,0.0,-4.111539083692936,6.477223126987922,0.0,0.08579177810846937,0.0856435830674511,0.0,0.00012837178732964276,-0.00012519326533944563,0.0
500.0,5604.83666075995,3649.2441048757332,0.0,-4.186068672428001,6.429340018206904,0.0,5604.863585776493,3649.362338272641,0.0,-4.186025131680478,6.4293310152088505,0.0,0.0870754959817658,0.08439165041405663,0.0,0.00012838214623226026,-0.00013118666004381717,0.0
510.0,5562.341724115445,3713.695070268083,0.0,-4.260000741476543,6.3805938346379,0.0,5562.369078778566,3713.8132283903738,0.0,-4.259953466919892,6.380582255678507,0.0,0.0883593174440884,0.08307978381361847,0.0,0.00012818885377877798,-0.0001372373353550495,0.0
520.0,5519.105690329292,3777.6512424711555,0.0,-4.333365230442898,6.330997534321779,0.0,5519.133512305633,3777.7693000179984,0.0,-4.333314242593454,6.330983344134548,0.0,0.08964120598187618,0.08170741046006798,0.0,0.0001277876043258657,-0.00014333719362912378,0.0
530.0,5475.134319943121,3841.1041003011114,0.0,-4.40615236462861,6.280557725208613,0.0,5475.162646702548,3841.222031617722,0.0,-4.406097687586151,6.280540889584317,0.0,0.09091908202513484,0.08027403852377674,0.0,0.00012717430724230172,-0.00014947790597849052,0.0
540.0,5430.43347147094,3904.0451896330696,0.0,-4.478352446258932,6.229281127633149,0.0,5430.462340250605,3904.162968720834,0.0,-4.478294107785885,6.2292616134229295,0.0,0.09219082509755785,0.07877925946399184,0.0,0.00012634509681577733,-0.0001556509182688304,0.0
550.0,5385.0091006185785,3966.46612452749,0.0,-4.549955855774915,6.177174573419423,0.0,5385.038548386181,3966.583725054101,0.0,-4.549893887373185,6.177152348536451,0.0,0.09345427606571563,0.07722275028130353,0.0,0.00012529634216409009,-0.00016184745756418496,0.0
560.0,5338.86725949018,4028.3585883474743,0.0,-4.620953053115058,6.12424500497053,0.0,5338.897322906462,4028.4759836570815,0.0,-4.620887490100262,6.124220038390263,0.0,0.09470723948735653,0.07560427570566168,0.0,0.00012402465713544621,-0.00016805853902885878,0.0
570.0,5292.014095781853,4089.714334866828,0.0,-4.6913345789863845,6.070499474343647,0.0,5292.04481116234,4089.8314979901743,0.0,-4.691265460559239,6.0704717361027685,0.0,0.09594748605871099,0.07392369031537309,0.0,0.0001225269101818309,-0.00017427497329395675,0.0
580.0,5244.455851962583,4150.5251893687455,0.0,-4.761091056124743,6.015945142310461,0.0,5244.48725523862,4150.642093033287,0.0,-4.761018425439377,6.015914603504556,0.0,0.0971727551605293,0.07218094058243352,0.0,0.000120800234188648,-0.0001804873742958325,0.0
590.0,5196.198864442521,4210.783049734966,0.0,-4.8302131905441845,5.9605892774031,0.0,5196.230991121603,4210.899666374951,0.0,-4.830137094773132,5.960555910183153,0.0,0.09838075750241577,0.0703760668394752,0.0,0.00011884203624308977,-0.00018668616759309005,0.0
600.0,5147.249562728749,4270.479887525259,0.0,-4.8986917727752495,5.904439254945716,0.0,5147.282447854227,4270.596189291777,0.0,-4.898612263170887,5.904403032513496,0.0,0.09956917786484668,0.06850920516354429,0.0,0.00011665000732295976,-0.0001928615991680979,0.0
610.0,5097.614468568651,4329.607749047089,0.0,-4.966517679091982,5.8475025560718334,0.0,5097.648146678797,4329.723707818044,0.0,-4.966434811044185,5.847463452674279,0.0,0.10073567793807628,0.06658058917186331,0.0,0.00011422213188696132,-0.00019900374471824416,0.0
620.0,5047.300195080988,4388.158756415323,0.0,-5.033681872727533,5.789786766727603,0.0,5047.334700167481,4388.274343805359,0.0,-5.03359570581729,5.7897447576502605,0.0,0.10187789925694589,0.06459055172468087,0.0,0.00011155669734675391,-0.00020510251944138176,0.0
630.0,4996.313445874798,4446.125108601842,0.0,-5.1001754050781685,5.7312995766610895,0.0,4996.348811340693,4446.240295972186,0.0,-5.100086003126955,5.731254638220742,0.0,0.10299346623041343,0.06253952653026705,0.0,0.00010865230340040654,-0.00021114768831908542,0.0
640.0,4944.66101415625,4503.499082474907,0.0,-5.165989416895533,5.672048778397731,0.0,4944.69727277343,4503.613840943134,0.0,-5.165896848010192,5.672000887934293,0.0,0.1040799892644175,0.060428049647076196,0.0,0.00010550787120621697,-0.00021712887690046638,0.0
650.0,4892.349781823543,4560.273033828146,0.0,-5.231115139467014,5.612042266202104,0.0,4892.386965689723,4560.387334277849,0.0,-5.231019476079912,5.611991402069878,0.0,0.10513506797647967,0.05825676087807153,0.0,0.00010212265237522854,-0.00022303558258836764,0.0
660.0,4839.386718550007,4616.439398399033,0.0,-5.295543895784034,5.551288035026133,0.0,4839.4248590453435,4616.553211489408,0.0,-5.295445214688308,5.551234176584591,0.0,0.10615629450023197,0.05602640505218785,0.0,9.849623776017322e-05,-0.0002288571864287919,0.0
670.0,4785.778880855493,4671.990692876707,0.0,-5.3592671016981335,5.489794179443883,0.0,4785.818008598828,4672.103989052029,0.0,-5.359165484077743,5.489737307048018,0.0,0.1071412568778337,0.05373783318789993,0.0,9.462856601799753e-05,-0.00023458296540339665,0.0
680.0,4731.533411166207,4726.919515899007,0.0,-5.422276267064675,5.427568892573085,0.0,4731.573555971013,4727.032265398013,0.0,-5.422171798519124,5.427508987563507,0.0,0.10808754253801367,0.051392003533865964,0.0,9.051993192257759e-05,-0.00024020210522382842,0.0
690.0,4676.657536863084,4781.218549038596,0.0,-5.484562996874027,5.364620464983524,0.0,4676.698727693164,4781.330721903759,0.0,-5.484455767437479,5.364557509676395,0.0,0.10899274185723945,0.04898998248162768,0.0,8.617099440373306e-05,-0.00024570371362555963,0.0
700.0,4621.158569318852,4834.880557778027,0.0,-5.5461189923700696,5.300957283592451,0.0,4621.200834243834,4834.992123864717,0.0,-5.546009096524691,5.300891261269394,0.0,0.10985445180127679,0.04653294534537208,0.0,8.158278428817422e-05,-0.00025107683415773966,0.0
710.0,4565.043902923905,4887.89839247363,0.0,-5.606936052155876,5.236587830547152,0.0,4565.0872690746155,4888.00932145919,0.0,-5.606823588839216,5.236518725445278,0.0,0.11067027964415853,0.04402217700379468,0.0,7.675671171759792e-05,-0.00025631046046437685,0.0
720.0,4508.321014101113,4940.264989308097,0.0,-5.667006073286428,5.171520682094831,0.0,4508.365507624864,4940.375250700793,0.0,-5.666891145892602,5.171448479396989,0.0,0.1114378467613345,0.04145907239915091,0.0,7.16945732187637e-05,-0.0002613935510509327,0.0
730.0,4450.9974603097,4991.973371231624,0.0,-5.726321052348205,5.105764507439957,0.0,4451.043106325563,4992.08293437951,0.0,-5.726203768722755,5.1056891932653645,0.0,0.11215479249352214,0.038845136888641586,0.0,6.639855840004639e-05,-0.0002663150445291339,0.0
740.0,4393.080879038329,5043.016648891499,0.0,-5.78487308652552,5.039328067589224,0.0,4393.127701592465,5043.125482991185,0.0,-5.784753558953741,5.03924962898462,0.0,0.11281877807752261,0.036181986443350245,0.0,6.0871256248683175e-05,-0.0002710638753314934,0.0
750.0,4334.5789867875255,5093.388021550002,0.0,-5.842654374653446,4.972220214184284,0.0,4334.627008808614,5093.496095655316,0.0,-5.842532719842019,4.972138639115716,0.0,0.11342749064000944,0.03347134769003531,0.0,5.511566100269809e-05,-0.00027562898988568426,0.0
760.0,4275.49957804157,5143.080777990501,0.0,-5.899657218257203,4.904449888322392,0.0,4275.548821296442,5143.188061021097,0.0,-5.899533557308995,4.90436516566783,0.0,0.11397864725003642,0.03071505779117847,0.0,4.913517757131269e-05,-0.0002799993632375243,0.0
770.0,4215.850524230001,5192.088297411615,0.0,-5.955874022577866,4.836026119365154,0.0,4215.901009279494,5192.1947581614795,0.0,-5.955748480959726,4.835938238908014,0.0,0.11446999902574956,0.027915064158803227,0.0,4.29336264775407e-05,-0.00028416401610991586,0.0
780.0,4155.639772678867,5240.404050309341,0.0,-6.011297297584248,4.76695802373549,0.0,4155.6915188340245,5240.509657455253,0.0,-6.011170005087677,4.766866976159263,0.0,0.11489933529052497,0.02507342399770407,0.0,3.651524829659838e-05,-0.0002881120323836413,0.0
790.0,4094.875345551871,5288.021599347006,0.0,-6.065919658970828,4.697254803703018,0.0,4094.9283708305156,5288.12632145694,0.0,-6.065790749665399,4.6971605805871235,0.0,0.11526448777349095,0.022192303673867656,0.0,2.9884707563783525e-05,-0.00029183257698444184,0.0
800.0,4033.5653387815323,5334.934600212943,0.0,-6.119733829141606,4.62692574615799,0.0,4033.6196598653078,5335.038405754429,0.0,-6.119603441321004,4.626828339974998,0.0,0.11556333484912878,0.019273977904023236,0.0,2.3047096125541525e-05,-0.00029531491415931484,0.0
810.0,3971.7179209905335,5381.13680246578,0.0,-6.172732638179724,4.555980221373952,0.0,3971.773553182484,5381.239659814251,0.0,-6.172600914300326,4.555879625488338,0.0,0.1157938058103842,0.016320828762430087,0.0,1.6007935907582036e-05,-0.00029854842612344907,0.0
820.0,3909.341332403373,5426.62205036721,0.0,-6.224909024802751,4.484427681759304,0.0,3909.3982895861327,5426.723927814327,0.0,-6.224776111414626,4.484323890427852,0.0,0.11595388516946002,0.013335344501195596,0.0,8.773181074129414e-06,-0.00030152263205768297,0.0
830.0,3846.4438837484813,5471.384283702151,0.0,-6.276256037303492,4.412277660597907,0.0,3846.5021783431453,5471.48514946415,0.0,-6.276122084973765,4.412170668971928,0.0,0.11604161698020131,0.010320118180618766,0.0,1.3492195526689099e-06,-0.00030422720743482595,0.0
840.0,3783.0339551509437,5515.417538586178,0.0,-6.326766834476195,4.339539770778917,0.0,3783.0935980767126,5515.517360812239,0.0,-6.326631997704708,4.339429574908413,0.0,0.116055109175728,0.007277846106270506,0.0,-6.25712610107726e-06,-0.000306652003651623,0.0
850.0,3719.119995015976,5558.715948260117,0.0,-6.376434686528038,4.266223703516021,0.0,3719.180995650629,5558.81469504078,0.0,-6.376299123655226,4.266110300355914,0.0,0.11599253791471724,0.004211326069754277,0.0,-1.4038598522775131e-05,-0.0003087870679415788,0.0
860.0,3654.710518903305,5601.273743871705,0.0,-6.425252975975772,4.1923392270562205,0.0,3654.772885044596,5601.371383247365,0.0,-6.425116849082772,4.192222614474825,0.0,0.11585215192948949,0.0011234553903384887,0.0,-2.1987506068014983e-05,-0.00031062266354229,0.0
870.0,3589.814108392597,5643.085255244198,0.0,-6.473215198527398,4.117896185378373,0.0,3589.877846220644,5643.181755213686,0.0,-6.473078673328295,4.1177763621681915,0.0,0.11563227686880934,-0.0019827712450844115,0.0,-3.0095724073463723e-05,-0.00031214929008936546,0.0
880.0,3524.4394099400965,5684.144911631838,0.0,-6.520314963948766,4.042904496881624,0.0,3524.5045239808487,5684.24024016113,0.0,-6.5201782096750485,4.042781462772643,0.0,0.1153313196280747,-0.005104264145978066,0.0,-3.8354696873659424e-05,-0.0003133577042074535,0.0
890.0,3458.595133726616,5724.447242462068,0.0,-6.566545996914976,3.967374153063933,0.0,3458.661626816459,5724.541367493116,0.0,-6.566409186192114,3.96724790873949,0.0,0.11494777265933812,-0.0082378411880526,0.0,-4.675544059570083e-05,-0.00031423894026734185,0.0
900.0,3392.2900524970387,5763.986878064405,0.0,-6.611902137846468,3.8913152171908614,0.0,3392.3579257486454,5764.079767524172,0.0,-6.611765446562722,3.8911857643062477,0.0,0.1144802182533811,-0.011380230590726018,0.0,-5.5288546753237496e-05,-0.00031478433127655727,0.0
910.0,3325.5330003914823,5802.758550385862,0.0,-6.656377343729694,3.814737822954794,0.0,3325.6022531609588,5802.850172195529,0.0,-6.656240950897129,3.814605164158676,0.0,0.11392733278584873,-0.014528073903491591,0.0,-6.394418666021479e-05,-0.0003149855298693708,0.0
920.0,3258.332871768286,5840.7570936928405,0.0,-6.699965688922255,3.73765217312478,0.0,3258.4035016237062,5840.847415777254,0.0,-6.699829776530042,3.737516312083549,0.0,0.11328789091924658,-0.017677929202185298,0.0,-7.271211668381473e-05,-0.00031483452936061876,0.0
930.0,3190.6986200189735,5877.977445259383,0.0,-6.742661365942404,3.6600685381871694,0.0,3190.7706227103763,5878.066435556761,0.0,-6.742526118802468,3.6599294796123294,0.0,0.11256076975240843,-0.020826274495791487,0.0,-8.158168435490425e-05,-0.00031432368482627905,0.0
940.0,3122.639256375348,5914.414646041704,0.0,-6.7844586862428065,3.581997254977227,0.0,3122.712625806268,5914.502272513623,0.0,-6.784324291827898,3.581855004655898,0.0,0.11174495290885939,-0.023969511344054277,0.0,-9.054183535310724e-05,-0.0003134457341723082,0.0
950.0,3054.163848708886,5950.063841338908,0.0,-6.825352080968446,3.503448725301908,0.0,3054.2385769095013,5950.150071980628,0.0,-6.825218729242756,3.5033032901305385,0.0,0.11083953455532831,-0.027103968685777358,0.0,-9.95811213823206e-05,-0.0003121938191518463,0.0
960.0,2985.2815203225787,5984.920281439805,0.0,-6.8653361016985945,3.424433414553975,0.0,2985.357597424545,5985.00508429094,0.0,-6.865203984941013,3.4242848025753316,0.0,0.1098437233415051,-0.03022590687729582,0.0,-0.00010868770895111053,-0.0003105615062895428,0.0
970.0,2916.001448735394,6018.979322255733,0.0,-6.904405421172732,3.344961850317645,0.0,2916.078862948436,6019.062665411306,0.0,-6.904274733792885,3.3448100707611452,0.0,0.108756846251994,-0.03333152194019125,0.0,-0.00011784938907096196,-0.00030854280767045225,0.0
980.0,2846.3328644595113,6052.236425939316,0.0,-6.942554834000318,3.265044620965947,0.0,2846.411602049851,6052.318277561247,0.0,-6.942425772347548,3.2648896842914006,0.0,0.10757835236128438,-0.036416950016895766,0.0,-0.00012705358788378922,-0.00030613220154969667,0.0
990.0,2776.285049770495,6084.687161489063,0.0,-6.979779257354334,3.184692374249988,0.0,2776.3650950411834,6084.767489818116,0.0,-6.979652019519771,3.184534292194779,0.0,0.10630781648244648,-0.039478272032392736,0.0,-0.00013628737822847582,-0.00030332465273790084,0.0
1000.0,2705.867337470574,6116.327205339729,0.0,-7.016073731648492,3.103915815880297,0.0,2705.9486727437893,6116.405978707942,0.0,-7.01594851726042,3.103754601510049,0.0,0.10494494270016173,-0.04251151855977174,0.0,-0.00014553749215448,-0.0003001156327162807,0.0
1010.0,2635.08910964519,6147.152341938364,0.0,-7.051433421198022,3.0227257081004555,0.0,2635.171715246576,6147.229528782023,0.0,-7.051310431210722,3.0225613758632064,0.0,0.10348956777861694,-0.04551267488693455,0.0,-0.00015479033438872832,-0.0002965011394342078,0.0
1020.0,2563.9597964129753,6177.158464305972,0.0,-7.0858536148639555,2.941132868253193,0.0,2564.043650658085,6177.234033179137,0.0,-7.085733051340266,2.9409654340370897,0.0,0.10194166443472966,-0.048477686281276626,0.0,-0.00016403199676011995,-0.00029247771674109516,0.0
1030.0,2492.488874669334,6206.341574584707,0.0,-7.119329726680811,2.8591481673391397,0.0,2492.573953852243,6206.415494173359,0.0,-7.119211792568615,2.8589776485336507,0.0,0.10030134446712846,-0.051402463448687576,0.0,-0.0001732482735839901,-0.00028804247340354956,0.0
1040.0,2420.685866823792,6234.697784570519,0.0,-7.151857296467606,2.776782528568433,0.0,2420.77214520792,6234.770023707309,0.0,-7.151742195370507,2.776608944129066,0.0,0.09856886173128857,-0.054282888182723074,0.0,-0.00018242467800682003,-0.00028319310165792556,0.0
1050.0,2348.5603395312783,6262.223316231202,0.0,-7.183431990422105,2.6940469259053645,0.0,2348.647789342523,6262.2938439109275,0.0,-7.1833199263645815,2.6938702964218795,0.0,0.09674461495122036,-0.05711481919930233,0.0,-0.00019154645930935695,-0.0002779278952476973,0.0
1060.0,2276.1219024175166,6288.914502209762,0.0,-7.214049601698235,2.61095238260627,0.0,2276.2104938396988,6288.9832876055,0.0,-7.213940778885506,2.6107727303743187,0.0,0.09482915035812679,-0.059894098151779304,0.0,-0.0002005986211640868,-0.0002722457668944423,0.0
1070.0,2203.380206798689,6314.767786313029,0.0,-7.243706050966584,2.5275099697508447,0.0,2203.4699079714064,6314.834798793046,0.0,-7.243600673539526,2.5273273188470156,0.0,0.09282316414648592,-0.06261655582072373,0.0,-0.00020956594084075054,-0.00026614626515071566,0.0
1080.0,2130.3449443955446,6339.7797239854735,0.0,-7.272397386957906,2.4437308047670947,0.0,2130.4357214144616,6339.844933130907,0.0,-7.272295658743338,2.4435451811272797,0.0,0.09072750473807842,-0.06527801847223089,0.0,-0.0002184329893512331,-0.0002596295905826808,0.0
1090.0,2057.025846042126,6363.946982768135,0.0,-7.300119786989572,2.3596260499501063,0.0,2057.1176629617466,6364.010358391488,0.0,-7.300021911246195,2.359437481451112,0.0,0.08854317484456609,-0.06787431437805769,0.0,-0.00022718415252276488,-0.00025269661123006966,0.0
1100.0,1983.4326803892843,6387.266342742626,0.0,-7.326869557474879,2.275206910974843,0.0,1983.5254992282594,6387.327854907102,0.0,-7.326775736635264,2.2750154275191496,0.0,0.08627133331933844,-0.07040128049035839,0.0,-0.00023580365298591128,-0.00024534887729086544,0.0
1110.0,1909.5752526031558,6409.73469696013,0.0,-7.352643134415168,2.1904846354031586,0.0,1909.6690333521599,6409.794315999866,0.0,-7.352553569824126,2.190290269006722,0.0,0.08391329678947933,-0.07285476926326705,0.0,-0.0002442755730613137,-0.0002375886349780468,0.0
1120.0,1835.4634030587724,6431.3490518553635,0.0,-7.377437083874671,2.1054705111852323,0.0,1835.5581036909798,6431.406748396542,0.0,-7.3773519755243635,2.10527329606819,0.0,0.0814705410588662,-0.07523065561304751,0.0,-0.00025258387852658033,-0.00022941883949580716,0.0
1130.0,1761.1070060289824,6452.106527645417,0.0,-7.401248102438031,2.0201758651556205,0.0,1761.202582513187,6452.162272628352,0.0,-7.401167648700243,2.019975837835779,0.0,0.0789447022736004,-0.07752484400800558,0.0,-0.0002607124432421295,-0.0002208431670828664,0.0
1140.0,1686.5159683688541,6472.004358713445,0.0,-7.42407301765043,1.9346120615241305,0.0,1686.6123746852536,6472.058123415616,0.0,-7.423997415006379,1.9344092609130572,0.0,0.0763375778411791,-0.07973327567883425,0.0,-0.00026864507461213296,-0.00021186602607083539,0.0
1150.0,1611.700228195739,6491.03989397714,0.0,-7.445908788440274,1.8487905003617116,0.0,1611.7974163544043,6491.091650037219,0.0,-7.445838231208349,1.8485849678632706,0.0,0.07365112709505778,-0.0818519359395426,0.0,-0.0002763655398540463,-0.00020249256690607606,0.0
1160.0,1536.669753565169,6509.210597241951,0.0,-7.466752505524363,1.76272261608157,0.0,1536.76767362723,6509.260316684859,0.0,-7.466687185586262,1.7625143956927123,0.0,0.07088747169651731,-0.08387686160860336,0.0,-0.00028385759304750676,-0.0001927286910841263,0.0
1170.0,1461.4345411427648,6526.514047538992,0.0,-7.486601391795517,1.6764198759157087,0.0,1461.533141244319,6526.561702801993,0.0,-7.48654149832116,1.6762090143293038,0.0,0.06804889576604224,-0.08580414851944462,0.0,-0.00029110500293066,-0.0001825810589465327,0.0
1180.0,1386.0046148723334,6542.947939447597,0.0,-7.5054528026925755,1.5898937783870921,0.0,1386.1038412510964,6542.99350340746,0.0,-7.505398521864284,1.589680325096593,0.0,0.06513784573673564,-0.08762995910890994,0.0,-0.0002980915814092526,-0.00017205709629086036,0.0
1190.0,1310.39002464033,6558.510083402484,0.0,-7.523304226552748,1.5031558517776447,0.0,1310.489821665027,6558.553529403717,0.0,-7.523255741289095,1.5029398591833383,0.0,0.06215692992264312,-0.08935053007181855,0.0,-0.0003048012127410845,-0.0001611649997457254,0.0
1200.0,1234.6008449368649,6573.198405985485,0.0,-7.540153284946256,1.4162176525922836,0.0,1234.7011551393757,6573.239707869681,0.0,-7.540110774626092,1.4159991761088828,0.0,0.05910891779523228,-0.0909621800692758,0.0,-0.00031121788335568854,-0.00014991374086393232,0.0
1210.0,1158.6471735134303,6587.0109502017895,0.0,-7.555997732993221,1.3290907640191891,0.0,1158.7479376236781,6587.050082338072,0.0,-7.555961373180293,1.3288698621844952,0.0,0.055996738961675396,-0.09246131747791513,0.0,-0.00031732571226637324,-0.0001383130688881892,0.0
1220.0,1082.5391300375297,6599.945875740689,0.0,-7.570835459662761,1.2417867943865233,0.0,1082.6402870211139,6599.9828130572905,0.0,-7.570805421831447,1.241563528970878,0.0,0.052823481839011664,-0.09384444816679702,0.0,-0.0003231089820290645,-0.00012637351214542654,0.0
1230.0,1006.2868547443869,6612.00145922077,0.0,-7.584664488054252,1.1543173756157967,0.0,1006.3883418429423,6612.036177237727,0.0,-7.584640939316845,1.154091811732024,0.0,0.04959239201872102,-0.09510818328825128,0.0,-0.0003285521701996949,-0.00011410637802745867,0.0
1240.0,929.9005070859137,6623.1760944195275,0.0,-7.597482975660721,1.0666941616720924,0.0,930.0022598601884,6623.208569282532,0.0,-7.59746607849678,1.066466367885621,0.0,0.04630687031672407,-0.09624924706852588,0.0,-0.0003336399812392468,-0.00010152375151760166,0.0
1250.0,853.3902643771185,6633.46829248737,0.0,-7.609289214614332,0.9789288270113526,0.0,853.4922167527433,6633.498501002744,0.0,-7.609279126602566,0.9786988754501924,0.0,0.0429704705043316,-0.09726448458370189,0.0,-0.00033835737881294283,-8.8638492224899e-05,0.0
1260.0,776.7663204401342,6642.876682145984,0.0,-7.620081631913932,0.8910330650249365,0.0,776.8684047560615,6642.904601816793,0.0,-7.62007850546711,0.8908010314891631,0.0,0.03958689671620217,-0.09815086950595088,0.0,-0.0003426896184275298,-7.546422988980621e-05,0.0
1270.0,700.0388842460471,6651.400009871041,0.0,-7.62985878963463,0.8030185864816537,0.0,700.1410313056277,6651.425618934338,0.0,-7.629862771738019,0.8027845505520554,0.0,0.036160000531926875,-0.09890551180484894,0.0,-0.0003466222803481002,-6.201535832754668e-05,0.0
1280.0,623.2181785547073,6659.037140059206,0.0,-7.638619385119382,0.7148971179674831,0.0,623.3203176793714,6659.060417524401,0.0,-7.638630617073183,0.7146611631129981,0.0,0.03269377772844587,-0.0995256653881244,0.0,-0.0003501413027334698,-4.830702777787329e-05,0.0
1290.0,546.3144385527016,6665.787055179439,0.0,-7.646362251152543,0.6266804003231845,0.0,546.4164976382045,6665.807980867782,0.0,-7.64638086831885,0.6264426140067533,0.0,0.029192364701111174,-0.10000873566590314,0.0,-0.0003532330149267784,-3.4355135632651844e-05,0.0
1300.0,469.33791048967186,6671.648855908569,0.0,-7.653086356115388,0.5383801870800102,0.0,469.43981606485653,6671.667410493717,0.0,-7.653112487670117,0.538140660862449,0.0,0.02566003455184339,-0.10035228702222966,0.0,-0.00035588417083571775,-2.017631551552071e-05,0.0
1310.0,392.29885031315786,6676.621761251113,0.0,-7.658790804123554,0.4500082428937271,0.0,392.40052760118874,6676.637926300783,0.0,-7.658824572813866,0.44976707253522574,0.0,0.02210119284348621,-0.10055405017738486,0.0,-0.00035808198233461925,-5.787924690874297e-06,0.0
1320.0,315.20752230214924,6680.7051086433285,0.0,-7.663474835146406,0.3615763419771553,0.0,315.30889528416003,6680.7188666619895,0.0,-7.663516357054084,0.3613336275359849,0.0,0.018520373020140018,-0.1006119294242936,0.0,-0.0003598141526185696,8.791970217437485e-06,0.0
1330.0,238.0741976995269,6683.898354041498,0.0,-7.667137825108298,0.2730962665314343,0.0,238.17518918062459,6683.909688514096,0.0,-7.667187209419576,0.2728521124594474,0.0,0.014922231493954321,-0.10052400972211922,0.0,-0.0003610689094377724,2.3544609214009196e-05,0.0
1340.0,160.90915334357655,6686.201071994408,0.0,-7.669779285971724,0.18457980517622424,0.0,161.00968502113665,6686.209967431066,0.0,-7.669836634754008,0.18433432041071607,0.0,0.011311542399576597,-0.10028856362997914,0.0,-0.00036183503813854063,3.845055663925882e-05,0.0
1350.0,83.72267029875695,6687.612955700036,0.0,-7.671398865802336,0.09603875137905239,0.0,83.82266283294278,6687.619397681727,0.0,-7.6714642737883345,0.09579204943055057,0.0,0.0076931920181911905,-0.09990405806358654,0.0,-0.0003621019144356137,5.3489720605590534e-05,0.0
1360.0,6.525032485904948,6688.133817046424,0.0,-7.671996348815842,0.007484901884013625,0.0,6.6244055723359025,6688.137792271528,0.0,-7.672069903195492,0.007237100919550939,0.0,0.004072172873835054,-0.09936916085753064,0.0,-0.00036185953683892603,6.864137416793814e-05,0.0
1370.0,-70.67347468794003,6687.76358663675,0.0,-7.671571655406748,-0.0810699448599658,0.0,-70.57480224344728,6687.765082968502,0.0,-7.671653435627462,-0.08131872193854076,0.0,0.000453577505445793,-0.09868274711585126,0.0,-0.00036109855865655826,8.388417823045047e-05,0.0
1380.0,-147.86256569990942,6686.5023137985645,0.0,-7.670124842158969,-0.16961399027109134,0.0,-147.76467590461016,6686.501320313301,0.0,-7.670214919734568,-0.16986361575421852,0.0,-0.0031574080811197897,-0.09784390533354675,0.0,-0.00035981031949433855,9.919620618712396e-05,0.0
1390.0,-225.0319562816946,6684.350166577223,0.0,-7.667656101838289,-0.25813543720668125,0.0,-224.9349318772813,6684.346673613389,0.0,-7.667754540167099,-0.25838577851006317,0.0,-0.0067555112760631746,-0.09685194327167551,0.0,-0.00035798687617148776,0.0001145549702901171,0.0
1400.0,-302.1713647897685,6681.307431713497,0.0,-7.664165763366678,-0.3466224915349557,0.0,-302.0752891719238,6681.301430921366,0.0,-7.664272617559177,-0.34687341113885745,0.0,-0.010335380037778053,-0.09570639356877433,0.0,-0.0003556210329707876,0.00012993744973530556,0.0
1410.0,-379.2705135752579,6677.374514605368,0.0,-7.659654291778467,-0.435063363706425,0.0,-379.1754707114888,6677.3659989973785,0.0,-7.659769608494876,-0.4353147191017579,0.0,-0.01389159036748593,-0.09440701907142128,0.0,-0.0003527063711410233,0.00014532012045036268,0.0
1420.0,-456.319130353283,6672.551939254016,0.0,-7.654122288158391,-0.523446270324667,0.0,-456.22520469913593,6672.540903255693,0.0,-7.654246105456613,-0.5236979139663122,0.0,-0.017418654078896163,-0.09295381786691766,0.0,-0.00034923727756891844,0.00016067898656628625,0.0
1430.0,-533.306949571583,6666.840348194005,0.0,-7.647570489561501,-0.6117594357162845,0.0,-533.2142259853422,6666.826787695364,0.0,-7.647702836755763,-0.612011214984112,0.0,-0.020911026854585346,-0.0913470280012548,0.0,-0.0003452089725374345,0.00017598961354885044,0.0
1440.0,-610.2237137782438,6660.240502407672,0.0,-7.639999768914967,-0.699991093499835,0.0,-610.1322774342176,6660.224414815042,0.0,-7.640140666445502,-0.7002428506678673,0.0,-0.024363116579959692,-0.08958713186576629,0.0,-0.0003406175364871758,0.00019122716296194784,0.0
1450.0,-687.0591749883473,6652.75328122374,0.0,-7.63141113490177,-0.7881294881535201,0.0,-686.9691112888552,6652.734665511926,0.0,-7.631560594215901,-0.7883810603676906,0.0,-0.02776929194483145,-0.08767486023614682,0.0,-0.0003354599356977154,0.00020636642883021516,0.0
1460.0,-763.8030960493588,6644.379682200161,0.0,-7.62180573182631,-0.8761628765814307,0.0,-763.7144905355273,6644.358538964838,0.0,-7.621963755271221,-0.8764140958463732,0.0,-0.031123891301808607,-0.08561119594784466,0.0,-0.00032973404680594495,0.0002213818755637143,0.0
1470.0,-840.4452520050714,6635.120820991207,0.0,-7.6111848394619495,-0.9640795296781342,0.0,-840.3581902665586,6635.097152501477,0.0,-7.611351420189445,-0.9643302228534395,0.0,-0.034421231769868055,-0.08339737719220752,0.0,-0.00032343868007907357,0.000236247677402783,0.0
1480.0,-916.9754314579253,6624.977931198825,0.0,-7.599549872880499,-1.0518677338913993,0.0,-916.8899990416915,6624.951741449834,0.0,-7.5997249947640295,-1.0521177226977596,0.0,-0.03765561857065879,-0.08103490041817969,0.0,-0.00031657360136063496,0.0002509377593364854,0.0
1490.0,-993.3834379295206,6613.952364208276,0.0,-7.5869023822636805,-1.139515792782848,0.0,-993.2997202477661,6613.923658973793,0.0,-7.5870860198278915,-1.139764893818507,0.0,-0.04082135458426514,-0.07852552282481484,0.0,-0.00030913955260884296,0.0002654258394433958,0.0
1500.0,-1069.6590912191427,6602.0455890080875,0.0,-7.573244052696592,-1.2270120285863284,0.0,-1069.5771734565367,6602.014375892923,0.0,-7.573436171059584,-1.2272600533542313,0.0,-0.04391275011035357,-0.07587126443038088,0.0,-0.0003011382709478422,0.0002796854725987527,0.0
1510.0,-1145.7922287601184,6589.259191994334,0.0,-7.558576703943192,-1.3143447837637965,0.0,-1145.7121957804452,6589.225480486517,0.0,-7.558777258771752,-1.3145915387098333,0.0,-0.04692413281983199,-0.07307440970439336,0.0,-0.00029257250615385603,0.0002936900954873354,0.0
1520.0,-1221.772706973823,6575.59487675927,0.0,-7.542902290203848,-1.4015024225585073,0.0,-1221.694643226174,6575.558678281851,0.0,-7.543111227681784,-1.401747709121218,0.0,-0.04984985788137055,-0.07013750874952,0.0,-0.0002834460364999219,0.00030741307285675614,0.0
1530.0,-1297.5904026211572,6561.054463864354,0.0,-7.526222899854967,-1.4884733325453015,0.0,-1297.514392045798,6561.015791826729,0.0,-7.526440156664735,-1.4887169472174009,0.0,-0.05268431824636977,-0.06706337802095244,0.0,-0.000273763682884849,0.00032082774494124474,0.0
1540.0,-1373.2352141513143,6545.639890597687,0.0,-7.508540755170749,-1.5752459261777831,0.0,-1373.1613400853578,6545.598760446309,0.0,-7.508766258488477,-1.5754876605798398,0.0,-0.055421955075218264,-0.06385510057154,0.0,-0.0002635313211742119,0.00033390747598143595,0.0
1550.0,-1448.6970630476576,6529.353210715897,0.0,-7.489858212027107,-1.661808642332184,0.0,-1448.6254081306774,6529.309639984283,0.0,-7.490091879531141,-1.6620482832987737,0.0,-0.05805726828696038,-0.06051602581172563,0.0,-0.0002527558926836319,0.0003466257037611751,0.0
1560.0,-1523.965895170529,6512.19659417051,0.0,-7.470177759587779,-1.7481499478477063,0.0,-1523.8965412502448,6512.150602528369,0.0,-7.470419499480811,-1.748387277526334,0.0,-0.060584827213796696,-0.057049768774113885,0.0,-0.00024144541273727086,0.0003589559900779432,0.0
1570.0,-1599.0316820968094,6494.172326818834,0.0,-7.449502019972687,-1.834258339063141,0.0,-1598.9647101349817,6494.123936120233,0.0,-7.449751731017542,-1.8344931350262095,0.0,-0.0629992813411694,-0.053460208873334455,0.0,-0.00022960897723739605,0.00037087207205918757,0.0
1580.0,-1673.8844224560537,6475.282810119405,0.0,-7.427833747908581,-1.9201223433495547,0.0,-1673.8199124347161,6475.232044449813,0.0,-7.428091319477635,-1.920354378719617,0.0,-0.06529537111354336,-0.04975148815274258,0.0,-0.00021725676718403698,0.0003823479142326401,0.0
1590.0,-1748.51414326302,6455.530560812031,0.0,-7.405175830362008,-2.0057305206388425,0.0,-1748.452174091194,6455.477446534111,0.0,-7.405441142500306,-2.005959564227377,0.0,-0.06746793878538374,-0.04592800901041618,0.0,-0.00020440005108717795,0.00039335776125462834,0.0
1600.0,-1822.910901246418,6434.918210582468,0.0,-7.381531286154675,-2.0910714649479423,0.0,-1822.8515506674373,6434.8627763805025,0.0,-7.381804209656666,-2.0912972814078405,0.0,-0.06951193929625551,-0.041994431397869895,0.0,-0.00019105118521757603,0.00040387619119645093,0.0
1610.0,-1897.0647841736982,6413.448505711798,0.0,-7.356903265561231,-2.1761338058985076,0.0,-1897.008128673277,6413.390782634557,0.0,-7.357183662061059,-2.1763561558904327,0.0,-0.07142245114843128,-0.03795566948590538,0.0,-0.0001772236116461887,0.0004138781692851118,0.0
1620.0,-1970.9659121717054,6391.124306710522,0.0,-7.331295049889544,-2.2609062102318385,0.0,-1970.912026886894,6391.064328212503,0.0,-7.331582771964857,-2.2611248506046127,0.0,-0.07319468726489317,-0.033816887793054265,0.0,-0.0001629318540263182,0.00042333910199110106,0.0
1630.0,-2044.6044390430216,6367.948587937442,0.0,-7.304710051043517,-2.345377383318864,0.0,-2044.5533976721701,6367.886389918279,0.0,-7.305004942332624,-2.345592067303971,0.0,-0.07482400580515636,-0.029583496773143255,0.0,-0.0001481915110769178,0.0004322348913524932,0.0
1640.0,-2117.9705535778203,6343.9244372033745,0.0,-7.277151811068504,-2.4295360706649776,0.0,-2117.9224282916925,6343.860058045308,0.0,-7.277453706400771,-2.4297465480852716,0.0,-0.07630592091592553,-0.025261147859618322,0.0,-0.00013301924773008274,0.00044054198942141526,0.0
1650.0,-2191.054480861062,6319.055055359745,0.0,-7.248624001679383,-2.5133710594095313,0.0,-2191.0093422152236,6318.988535962996,0.0,-7.2489327272186985,-2.513577076902179,0.0,-0.07763611339322636,-0.02085572796540417,0.0,-0.00011743278391051727,0.00044823745271593645,0.0
1660.0,-2263.846483574852,6293.343755872125,0.0,-7.219130423771362,-2.596871179819773,0.0,-2263.804400423463,6293.275139688032,0.0,-7.219445797172455,-2.5970724810734476,0.0,-0.07881044123233154,-0.016373353438244805,0.0,-0.00010145088091975701,0.0004552989965576585,0.0
1670.0,-2336.336863295787,6266.793964378762,0.0,-7.188675006913562,-2.6800253067790467,0.0,-2336.2979027069327,6266.72329744054,0.0,-7.188996837490967,-2.680221632785333,0.0,-0.0798249500415291,-0.011820363472668221,0.0,-8.50933254031003e-05,0.0004617050491727585,0.0
1680.0,-2408.5159617871273,6239.409218234167,0.0,-7.157261808825465,-2.762822361269043,0.0,-2408.480188959797,6239.336549185129,0.0,-7.1575898977348835,-2.763013450587999,0.0,-0.08067588329556011,-0.007203312980940636,0.0,-6.838091088256525e-05,0.00046743480543196507,0.0
1690.0,-2480.3741622856032,6211.193166037816,0.0,-7.1248950148362855,-2.845251311845909,0.0,-2480.341640468457,6211.118546156944,0.0,-7.12522915526806,-2.845436900885668,0.0,-0.08135969240438576,-0.0025289649266209855,0.0,-5.133541684472807e-05,0.0004724682801029472,0.0
1700.0,-2551.901890782707,6182.149567148025,0.0,-7.091578937327336,-2.9273011761100203,0.0,-2551.8726811947386,6182.073050372722,0.0,-7.091918914711742,-2.9274809994203035,0.0,-0.08187304657283304,0.0021957178744084864,0.0,-3.397958537799361e-05,0.0004767863604868784,0.0
1710.0,-2623.0896173002807,6152.282291181082,0.0,-7.057318015157471,-3.0089610221692182,0.0,-2623.063779053492,6152.203934126965,0.0,-7.057663607381491,-3.009134812748567,0.0,-0.08221284242661298,0.006963581479277271,0.0,-1.6337095359707184e-05,0.00048037085830951334,0.0
1720.0,-2693.927857160241,6121.595317495669,0.0,-7.022116813071676,-3.090219970095317,0.0,-2693.9054471844515,6121.515179473287,0.0,-7.022467790706923,-3.0903874597118293,0.0,-0.08237621338021005,0.011767290062372404,0.0,1.5674658004992466e-06,0.00048320456073599886,0.0
1730.0,-2764.4071722482677,6090.092734662684,0.0,-6.9859800210928835,-3.1710671933736885,0.0,-2764.3882452181556,6090.010877690993,0.0,-6.986336147634274,-3.1712281128989948,0.0,-0.08236053872220506,0.016599335669732394,0.0,1.9708632848617858e-05,0.00048527128037783907,0.0
1740.0,-2834.5181722712887,6057.778739920493,0.0,-6.948912453897101,-3.251491920345731,0.0,-2834.502780535782,6057.695228736983,0.0,-6.949273486011915,-3.251646000101912,0.0,-0.08216345239371887,0.021452048473510784,0.0,3.806009578670058e-05,0.000486555904159961,0.0
1750.0,-2904.2515160085927,6024.657638615714,0.0,-6.910919050171929,-3.3314834356440266,0.0,-2904.239709522703,6024.572540683042,0.0,-6.911284737958798,-3.3316304057631267,0.0,-0.08178285143585187,0.026317607515110395,0.0,5.6594735360771625e-05,0.00048704444091569014,0.0
1760.0,-2973.5979125564054,5990.733843629599,0.0,-6.872004871958553,-3.411031081620002,0.0,-2973.589738815607,5990.647229138589,0.0,-6.872374959215982,-3.4111706724157567,0.0,-0.08121690408224416,0.031188051924267296,0.0,7.528466090476937e-05,0.0004867240675776515,0.0
1770.0,-3042.548122565759,5956.011874790081,0.0,-6.832175103977307,-3.4901242597638946,0.0,-3042.5436265430067,5955.923816659003,0.0,-6.8325493284812255,-3.4902562021152415,0.0,-0.08046405747319647,0.03605529260004381,0.0,9.410125050261455e-05,0.00048558317383317175,0.0
1780.0,-3111.092959473496,5920.496358269577,0.0,-6.791435052936889,-3.568752432116847,0.0,-3111.0921835589684,5920.406932139546,0.0,-6.791813146726799,-3.568876457862764,0.0,-0.07952304496817032,0.04091112433837553,0.0,0.00011301519342399737,0.00048361140511367725,0.0
1790.0,-3179.2232907262373,5884.192025968622,0.0,-6.749790146827321,-3.6469051226749247,0.0,-3179.2262746698943,5884.101310195027,0.0,-6.7501718365005114,-3.6470209650200753,0.0,-0.07839289303393035,0.0457472383895123,0.0,0.0001319965347829453,0.0004807997037888649,0.0
1800.0,-3246.9300389971563,5847.103714885413,0.0,-6.707245934196752,-3.7245719187848865,0.0,-3246.9368198541833,5847.011790525261,0.0,-6.7076309412100885,-3.7246793127155353,0.0,-0.0770729276861009,0.05055523542740095,0.0,0.00015101472236169343,0.0004771403484380774,0.0
1810.0,-3314.204183395394,5809.2363664713575,0.0,-6.663808083412201,-3.80174247253151,0.0,-3314.2147954746147,5809.143317266422,0.0,-6.664196124390962,-3.8018411552411098,0.0,-0.07556278046248396,0.055326638911781724,0.0,0.00017003865553585063,0.00047262699107334153,0.0
1820.0,-3381.036760667955,5770.595025972695,0.0,-6.619482381904332,-3.8784065021162943,0.0,-3381.051235483276,5770.500938328377,0.0,-6.619873168957548,-3.8784962134401226,0.0,-0.07386239390712546,0.06005290882251514,0.0,0.00018903673623035124,0.00046725469219092964,0.0
1830.0,-3447.4188663939244,5731.184841758299,0.0,-6.574274735396366,-3.954553793227352,0.0,-3447.43723261888,5731.0898047181145,0.0,-6.5746679764381115,-3.954634276085527,0.0,-0.07197202654482195,0.06472545574442444,0.0,0.0002079769218292305,0.0004610199535310895,0.0
1840.0,-3513.3416561708455,5691.011064633732,0.0,-6.528191167117236,-4.030174200400311,0.0,-3513.3639395962987,5690.915169849321,0.0,-6.52858656619332,-4.030245201248477,0.0,-0.06989225732652964,0.06933565527973534,0.0,0.000226826779955877,0.0004539207484287436,0.0
1850.0,-3578.7963467931013,5650.07904714166,0.0,-6.481237816999084,-4.105257648370044,0.0,-3578.822570288155,5649.982388838265,0.0,-6.481635074618556,-4.10531891765699,0.0,-0.06762398952697087,0.07387486276402278,0.0,0.00024555354503411455,0.00044595654964150035,0.0
1860.0,-3643.7742174221435,5608.394242848705,0.0,-6.433420940859204,-4.17979413341304,0.0,-3643.8044008983074,5608.296917786033,0.0,-6.433819754330107,-4.179845426044464,0.0,-0.06516845407662972,0.07833442826043778,0.0,0.00026412417653428233,0.0004371283545452321,0.0
1870.0,-3708.26661074841,5565.962205618841,0.0,-6.384746909566556,-4.2537737246802525,0.0,-3708.3007711270657,5565.864313047238,0.0,-6.3851469733353206,-4.253814800487852,0.0,-0.0625272123112869,0.0827057118058901,0.0,0.00028250541880241555,0.0004274387075917623,0.0
1880.0,-3772.264934144781,5522.788588873425,0.0,-6.335222208192941,-4.327186565520228,0.0,-3772.303085327985,5522.690230485344,0.0,-6.335623214186868,-4.327217189735284,0.0,-0.05970215812326274,0.08698009888180773,0.0,0.0003006638623647186,0.0004168917199278608,0.0
1890.0,-3835.760660811413,5478.87914483797,0.0,-6.284853435148966,-4.400022874792362,0.0,-3835.8028136560597,5478.7804247146305,0.0,-6.285255073121156,-4.4000428185229055,0.0,-0.05669551949961555,0.09114901608108633,0.0,0.0003185660065937823,0.0004054930860797658,0.0
1900.0,-3898.745330911807,5434.2397237757405,0.0,-6.233647301304904,-4.472272948170079,0.0,-3898.7914932071812,5434.140748329009,0.0,-6.2340492591810746,-4.472281988880757,0.0,-0.053509859433677726,0.09520394694188399,0.0,0.0003361783236174369,0.00039325009761282694,0.0
1910.0,-3961.2105526999508,5388.876273208302,0.0,-6.181610629096577,-4.54392715943379,0.0,-3961.260729148693,5388.777151117709,0.0,-6.182012593323162,-4.543925081427466,0.0,-0.050148076197503354,0.09913644791801225,0.0,0.000353467323345795,0.0003801716536815886,0.0
1920.0,-4023.148003638393,5342.7948371231005,0.0,-6.1287503516163655,-4.614975961753438,0.0,-4023.2021958408723,5342.695679268002,0.0,-6.12915200750929,-4.614962556653561,0.0,-0.046613402964045404,0.10293816445482813,0.0,0.00037039961948691884,0.0003662682683916984,0.0
1930.0,-4084.549431507093,5296.0015551681945,0.0,-6.075073511689486,-4.6854098889604705,0.0,-4084.607637949216,5295.902474555079,0.0,-6.075474543783037,-4.685384956193225,0.0,-0.04290940676917621,0.10660084713874511,0.0,0.0003869419964166785,0.00035155207490141676,0.0
1940.0,-4145.406655502901,5248.502661834239,0.0,-6.020587260935636,-4.755219556809057,0.0,-4145.468871547346,5248.403773519155,0.0,-6.020987353330843,-4.755182904084257,0.0,-0.039039986805009426,0.11011636788775928,0.0,0.00040306147676377963,0.00033603682619721693,0.0
1950.0,-4205.711567329531,5200.304485623838,0.0,-5.965298858816153,-4.8243956642264,0.0,-4205.777785210396,5200.2059066299735,0.0,-5.965697695528083,-4.824347108016101,0.0,-0.03500937203737163,0.11347673614973144,0.0,0.00041872538956661513,0.0003197378924849767,0.0
1960.0,-4265.456132277863,5151.413448208366,0.0,-5.909215671666802,-4.892928994551959,0.0,-4265.526341098736,5151.315297438799,0.0,-5.909612936970219,-4.892868360565726,0.0,-0.03082211814170548,0.11667411507458121,0.0,0.00043390143885459946,0.00030267225514556963,0.0
1970.0,-4324.632390296444,5101.836063572378,0.0,-5.852345171716322,-4.960810416765433,0.0,-4324.706576031867,5101.738461718029,0.0,-5.852740550489125,-4.96073754042117,0.0,-0.026483103753159487,0.11970083762603691,0.0,0.000448557772502958,0.0002848584972112425,0.0
1980.0,-4383.2324570520495,5051.578937145721,0.0,-5.794694936090868,-5.028030886703325,0.0,-4383.310602552344,5051.482006588547,0.0,-5.79508811415476,-5.027945613592593,0.0,-0.021997526028129908,0.12254942259814933,0.0,0.0004626630512066025,0.0002663167903270023,0.0
1990.0,-4441.248524980145,5000.6487649234605,0.0,-5.736272645804472,-5.094581448263943,0.0,-4441.330609979594,5000.552629634952,0.0,-5.73666331026232,-5.094483634610652,0.0,-0.017370895516063883,0.12521259050141936,0.0,0.0004761865174157348,0.0002470688781693161,0.0
2000.0,-4498.672864325125,4949.052332573743,0.0,-5.6770860847356674,-5.16045323460066,0.0,-4498.75886545347,4948.957118008796,0.0,-5.677473924305032,-5.160342747712031,0.0,-0.012609030341906535,0.12768327928311252,0.0,0.0004890980640732125,0.00022713805630272273,0.0
